{
    "calibration_results": [
        {
            "fpath": "/Users/flap/MasterThesis/source/food-volume-stereo/calibrate_images/ip12_image_small",
            "nframe": 9,
            "ret": 0.5275248803721319,
            "mtx": [
                [
                    3027.8137985739895,
                    0.0,
                    2091.992967617049
                ],
                [
                    0.0,
                    3027.6312950049687,
                    1529.675198161805
                ],
                [
                    0.0,
                    0.0,
                    1.0
                ]
            ],
            "dist": [
                [
                    0.1611166963291029,
                    -0.5300715192622567,
                    0.006719671608359546,
                    0.00275503924698244,
                    0.7053417482525616
                ]
            ],
            "rvecs": [
                [
                    [
                        0.10504944442712326
                    ],
                    [
                        -0.013487710054219983
                    ],
                    [
                        -0.002548171294934931
                    ]
                ],
                [
                    [
                        0.1939108456059497
                    ],
                    [
                        0.960198758886205
                    ],
                    [
                        0.3009531437316542
                    ]
                ],
                [
                    [
                        0.09041058827159679
                    ],
                    [
                        -0.30364441955131133
                    ],
                    [
                        -0.06691094961261983
                    ]
                ],
                [
                    [
                        -0.7809019403708884
                    ],
                    [
                        0.5062689049316018
                    ],
                    [
                        0.708384189610814
                    ]
                ],
                [
                    [
                        -0.8051601288567511
                    ],
                    [
                        0.020656437518968146
                    ],
                    [
                        0.10353777488129826
                    ]
                ],
                [
                    [
                        -0.6820689650426375
                    ],
                    [
                        -0.19685657000934334
                    ],
                    [
                        -0.3711376826664856
                    ]
                ],
                [
                    [
                        -0.7196971839913403
                    ],
                    [
                        -0.33449222655333233
                    ],
                    [
                        -0.6558579315126443
                    ]
                ],
                [
                    [
                        0.14574352166282822
                    ],
                    [
                        0.45806727201253555
                    ],
                    [
                        0.11389175738982517
                    ]
                ],
                [
                    [
                        0.14023683760932396
                    ],
                    [
                        0.18790596576872554
                    ],
                    [
                        0.026454875459045835
                    ]
                ]
            ],
            "tvecs": [
                [
                    [
                        -3.081164423957313
                    ],
                    [
                        -5.738402746026918
                    ],
                    [
                        38.93591534826507
                    ]
                ],
                [
                    [
                        7.780554175644572
                    ],
                    [
                        -5.691473820319533
                    ],
                    [
                        33.97012290963875
                    ]
                ],
                [
                    [
                        -8.941551137514633
                    ],
                    [
                        -4.982127897591869
                    ],
                    [
                        34.03291208519886
                    ]
                ],
                [
                    [
                        6.3502992985021685
                    ],
                    [
                        4.403764091573119
                    ],
                    [
                        30.676363907219926
                    ]
                ],
                [
                    [
                        1.6109326481279849
                    ],
                    [
                        -0.8025438570647478
                    ],
                    [
                        31.540186553149617
                    ]
                ],
                [
                    [
                        -0.15897103821077105
                    ],
                    [
                        -3.0342624934745777
                    ],
                    [
                        28.639277999127195
                    ]
                ],
                [
                    [
                        -1.314374848596188
                    ],
                    [
                        -1.4176666713309476
                    ],
                    [
                        28.326381150253695
                    ]
                ],
                [
                    [
                        -4.076469192342558
                    ],
                    [
                        -5.767337339643593
                    ],
                    [
                        40.43623775139789
                    ]
                ],
                [
                    [
                        -4.55700313689755
                    ],
                    [
                        -6.270693001878817
                    ],
                    [
                        40.61666046889699
                    ]
                ]
            ]
        }
    ]
}